store_id,total_sales,sales_rank
2,5215751.277499983,1
1,1605823.0364999974,2
3,867542.2436000014,3
